Link Name,Center of Mass X,Center of Mass Y,Center of Mass Z,Center of Mass Roll,Center of Mass Pitch,Center of Mass Yaw,Mass,Moment Ixx,Moment Ixy,Moment Ixz,Moment Iyy,Moment Iyz,Moment Izz,Visual X,Visual Y,Visual Z,Visual Roll,Visual Pitch,Visual Yaw,Mesh Filename,Color Red,Color Green,Color Blue,Color Alpha,Collision X,Collision Y,Collision Z,Collision Roll,Collision Pitch,Collision Yaw,Collision Mesh Filename,Material Name,SW Components,Coordinate System,Axis Name,Joint Name,Joint Type,Joint Origin X,Joint Origin Y,Joint Origin Z,Joint Origin Roll,Joint Origin Pitch,Joint Origin Yaw,Parent,Joint Axis X,Joint Axis Y,Joint Axis Z,Limit Effort,Limit Velocity,Limit Lower,Limit Upper,Calibration rising,Calibration falling,Dynamics Damping,Dynamics Friction,Safety Soft Upper,Safety Soft Lower,Safety K Position,Safety K Velocity
base_link,-0.00526302922710908,-0.00222021526224785,-0.182754512152733,0,0,0,88.44477003211,28.4958742357906,4.33649487411862E-15,-2.16690182626943E-15,9.60716360367091,-2.29974372957519E-15,28.1329082282666,0,0,0,0,0,0,package://FR3-dual-arm_description_0820/meshes/base_link.STL,0.792156862745098,0.819607843137255,0.933333333333333,1,0,0,0,0,0,0,package://FR3-dual-arm_description_0820/meshes/base_link.STL,,table1-1;Franka_Research_3_v2-1/base_plate-1;Franka_Research_3_v2-2/base_plate-1,Table-base,,,,0,0,0,0,0,0,,0,0,0,,,,,,,,,,,,
Left_Base,-0.02572150748049,-0.000140726398872359,0.058323829930625,0,0,0,2.53458536659595,0.00669301732459353,-1.22000806867493E-05,-0.00112343988693221,0.0094825459949898,-3.09364675580277E-06,0.00886795023888272,0,0,0,0,0,0,package://FR3-dual-arm_description_0820/meshes/Left_Base.STL,1,1,1,1,0,0,0,0,0,0,package://FR3-dual-arm_description_0820/meshes/Left_Base.STL,,Franka_Research_3_v2-1/Franka_Research_3_v2_BaseLink_Base-1,Left_FR3_Base,Left_Base_Link1,Left_Base_Joint,fixed,-0.199999999999999,-0.405,0.0199999999999997,0,0,0,base_link,0,0,0,,,,,,,,,,,,
Llink1,-9.35200840483652E-07,-0.0341173390375901,0.265780620980791,0,0,0,2.41043252332017,0.0156481239457329,2.63939401144597E-08,-1.01730416693225E-07,0.0136175207499885,0.00407833803718911,0.00564870947539528,0,0,0,0,0,0,package://FR3-dual-arm_description_0820/meshes/Llink1.STL,1,1,1,1,0,0,0,0,0,0,package://FR3-dual-arm_description_0820/meshes/Llink1.STL,,Franka_Research_3_v2-1/Franka_Research_3_v2_Link_Shoulder_01-1,Left_FR3_Base,Left_Base_Link1,Llink1joint,revolute,0,0,0,0,0,0,Left_Base,0,0,-1,0,0,-1,2,,,,,,,,
Llink2,-9.6410482260112E-07,0.0341173135070448,0.067220148384825,0,0,0,2.41043114965556,0.0156482096638639,-2.31242554719891E-08,2.48896575754663E-09,0.0136175968784074,0.00407839831350163,0.00564871169482988,0,0,0,0,0,0,package://FR3-dual-arm_description_0820/meshes/Llink2.STL,1,1,1,1,0,0,0,0,0,0,package://FR3-dual-arm_description_0820/meshes/Llink2.STL,,Franka_Research_3_v2-1/Franka_Research_3_v2_Link_Shoulder_02-1,Left_FR3_Link2,Left_Link1-2,Llink2Joint,revolute,0,0,0.333000000000001,0,0,0,Llink1,0,-1,0,0,0,-2.5,2,,,,,,,,
Llink3,0.0416719643245417,0.0241478137788811,0.0853335284793129,0,0,0,1.86279109697409,0.00648832079887137,-0.00179221849271022,-0.00271679019298131,0.00805304030208699,-0.001653627436221,0.00678540047623505,0,0,0,0,0,0,package://FR3-dual-arm_description_0820/meshes/Llink3.STL,1,1,1,1,0,0,0,0,0,0,package://FR3-dual-arm_description_0820/meshes/Llink3.STL,,Franka_Research_3_v2-1/Franka_Research_3_v2_Link_Elbow_01-1,Left_FR3_Link3,Left_Link2-3,Llink3Joint,revolute,0,0,0.192999999999998,0,0,0,Llink2,0,0,-1,0,0,-2,2,,,,,,,,
Llink4,0.0376185376007667,-0.0236477821620418,0.0408313553264404,0,0,0,1.86279184672263,0.00678534517458745,-0.00165364565812748,-0.00271678088423764,0.00805304835814708,-0.00179222922608784,0.00648839037275229,0,0,0,0,0,0,package://FR3-dual-arm_description_0820/meshes/Llink4.STL,1,1,1,1,0,0,0,0,0,0,package://FR3-dual-arm_description_0820/meshes/Llink4.STL,,Franka_Research_3_v2-1/Franka_Research_3_v2_Link_Elbow_02-2,Left_FR3_Link4,Left_Link3-4,Llink4Joint,revolute,0.0825029759386397,-0.000499999999995782,0.122951621230076,0,0,0,Llink3,0,1,0,0,0,-2,2,,,,,,,,
Llink5,0.144377260172375,0.0442888127502128,-1.06140328326454E-06,0,0,0,1.83354771852399,0.00424877740804917,-0.00515154572783944,1.50739074994663E-07,0.0204127569491573,-2.96122751552027E-08,0.0226383640304586,0,0,0,0,0,0,package://FR3-dual-arm_description_0820/meshes/Llink5.STL,1,1,1,1,0,0,0,0,0,0,package://FR3-dual-arm_description_0820/meshes/Llink5.STL,,Franka_Research_3_v2-1/Franka_Research_3_v2_Link_LowerArm-1,Left_FR3_Link5,Left_Link4-5,Llink5Joint,revolute,0.123951621230082,0.000499999999998058,0.0825029759386526,0,0,0,Llink4,-1,0,0,0,0,-2,2,,,,,,,,
Llink6,0.0530701815183106,-0.0233041979058553,0.00783478845337626,0,0,0,1.25259359285124,0.00185484814187435,-0.000347756952793412,-0.000202843780250681,0.00387305662560326,-5.05843507269165E-05,0.0032231622983116,0,0,0,0,0,0,package://FR3-dual-arm_description_0820/meshes/Llink6.STL,0.250980392156863,0.250980392156863,0.250980392156863,1,0,0,0,0,0,0,package://FR3-dual-arm_description_0820/meshes/Llink6.STL,,Franka_Research_3_v2-1/Franka_Research_3_v2_Link_Wrist-1,Left_FR3_Link6,Left_Link5-6,Llink6Joint,revolute,0.260000000000015,0.0164010000000189,0,0,0,0,Llink5,0,1,0,0,0,-2,2,,,,,,,,
Link7,0.00933712971524547,-0.0091988509618956,-0.026560659070341,0,0,0,0.389527457929512,0.000242951521571239,-8.75526764784009E-06,3.3516983764087E-06,0.000243994424393335,-2.05506263415771E-06,0.000344785097297413,0,0,0,0,0,0,package://FR3-dual-arm_description_0820/meshes/Link7.STL,0.666666666666667,0.698039215686274,0.768627450980392,1,0,0,0,0,0,0,package://FR3-dual-arm_description_0820/meshes/Link7.STL,,Franka_Research_3_v2-1/Franka_Research_3_v2_Link_Flange-1,Left_FR3_Link7,Left_Link6-7,Lilnk7Joint,revolute,0.0880121744510445,-0.0164293917695358,-0.0504500000323069,0,0,0,Llink6,0,0,1,0,0,-2,2,,,,,,,,
Lhand,8.9653582960536E-05,-0.000103408255135606,-0.0291570932173922,0,0,0,0.387415724279654,0.000745780160170052,0.00056612914796683,6.89669505962073E-07,0.000746052124636826,-5.10436307276305E-07,0.0012238613807458,0,0,0,0,0,0,package://FR3-dual-arm_description_0820/meshes/Lhand.STL,0.792156862745098,0.819607843137255,0.933333333333333,1,0,0,0,0,0,0,package://FR3-dual-arm_description_0820/meshes/Lhand.STL,,Franka_Hand_Reasearch_FR3_movable-1/Franka_Hand_FR3-1,Left_FR3_Hand,Left_Link6-7,LhandJoint,fixed,-1.21744766281573E-05,2.93917695260992E-05,-0.0541500552316524,0,0,0,Link7,0,0,0,,,,,,,,,,,,
Lfig1,-0.000290652223702503,0.00029065160427233,-0.0227907003519061,0,0,0,0.0111449902962576,3.40281171752397E-06,5.45037857284161E-08,-4.72401087257573E-07,3.40281183542686E-06,4.7240095037834E-07,8.26007595072238E-07,0,0,0,0,0,0,package://FR3-dual-arm_description_0820/meshes/Lfig1.STL,0.752941176470588,0.752941176470588,0.752941176470588,1,0,0,0,0,0,0,package://FR3-dual-arm_description_0820/meshes/Lfig1.STL,,Franka_Hand_Reasearch_FR3_movable-1/Franka_Finger_FR3-3,Left_FR3_Finger1,Left_Hand,LhandFig1,prismatic,0.0109601550867554,-0.0109601551016551,-0.0609000000026814,0,0,0,Lhand,-0.707106781186545,0.70710678118655,0,0,0,0,0.05,,,,,,,,
Lfig2,0.000290652304681949,-0.000290651604264169,-0.0227907003572694,0,0,0,0.0111449902962575,3.40281171752392E-06,5.45037857284356E-08,4.72401087257649E-07,3.40281183542683E-06,-4.72400950378344E-07,8.26007595072263E-07,0,0,0,0,0,0,package://FR3-dual-arm_description_0820/meshes/Lfig2.STL,0.752941176470588,0.752941176470588,0.752941176470588,1,0,0,0,0,0,0,package://FR3-dual-arm_description_0820/meshes/Lfig2.STL,,Franka_Hand_Reasearch_FR3_movable-1/Franka_Finger_FR3-4,Left_FR3_Finger2,Left_Link5-6,LhandFig2,prismatic,-0.0109606716152609,0.0109596386298945,-0.0608999999973184,0,0,0,Lhand,0,1,0,0,0,0,0.05,,,,,,,,
Right_Base,-0.025721506375091,-0.000140726843257527,0.0583238302293318,0,0,0,2.53458533365764,0.00669301726580403,-1.22001853691012E-05,-0.00112343981923952,0.00948254575555608,-3.09367300877376E-06,0.00886794997701855,0,0,0,0,0,0,package://FR3-dual-arm_description_0820/meshes/Right_Base.STL,1,1,1,1,0,0,0,0,0,0,package://FR3-dual-arm_description_0820/meshes/Right_Base.STL,,Franka_Research_3_v2-2/Franka_Research_3_v2_BaseLink_Base-1,Right_FR3_Base,Right_Base_Link1,Right_BaseJoint,fixed,-0.199999999999999,0.2,0.0199999999999982,0,0,0,base_link,0,0,0,,,,,,,,,,,,
Rlink1,-9.35195747481243E-07,-0.0341173386374659,0.124780621113124,0,0,0,2.41043255219039,0.0156481239806735,2.63940333061383E-08,-1.01730828563442E-07,0.0136175207544788,0.00407833802607255,0.00564870950611649,0,0,0,0,0,0,package://FR3-dual-arm_description_0820/meshes/Rlink1.STL,1,1,1,1,0,0,0,0,0,0,package://FR3-dual-arm_description_0820/meshes/Rlink1.STL,,Franka_Research_3_v2-2/Franka_Research_3_v2_Link_Shoulder_01-1,Right_FR3_Link1,Right_Base_Link1,RLink1,revolute,0,0,0.140999999999999,0,0,0,Right_Base,0,0,-1,0,0,-2,1,,,,,,,,
RLink2,-9.64107305531647E-07,0.0341173139390583,0.0672201485345921,0,0,0,2.41043111441314,0.0156482096239676,-2.31206832413708E-08,2.48512016478381E-09,0.0136175968669449,0.00407839832051848,0.00564871165929805,0,0,0,0,0,0,package://FR3-dual-arm_description_0820/meshes/RLink2.STL,1,1,1,1,0,0,0,0,0,0,package://FR3-dual-arm_description_0820/meshes/RLink2.STL,,Franka_Research_3_v2-2/Franka_Research_3_v2_Link_Shoulder_02-1,Right_FR3_Link2,Right_Link1-2,RLink2Joint,revolute,0,0,0.192,0,0,0,Rlink1,0,-1,0,0,0,-2,2.5,,,,,,,,
RLink3,0.0416719643440493,0.0241478138188891,0.0853335284687332,0,0,0,1.86279109498667,0.00648832079547994,-0.00179221849156005,-0.00271679019366012,0.00805304030174186,-0.00165362743753089,0.00678540047210698,0,0,0,0,0,0,package://FR3-dual-arm_description_0820/meshes/RLink3.STL,1,1,1,1,0,0,0,0,0,0,package://FR3-dual-arm_description_0820/meshes/RLink3.STL,,Franka_Research_3_v2-2/Franka_Research_3_v2_Link_Elbow_01-1,Right_FR3_Link3,Right_Link2-3,RLink3Joint,revolute,0,0,0.193,0,0,0,RLink2,0,0,-1,0,0,-2,2,,,,,,,,
RLink4,0.037618537621585,-0.023647782171419,0.040831355329868,0,0,0,1.86279184626264,0.00678534517436999,-0.00165364565913447,-0.00271678088432163,0.00805304835667362,-0.00179222922603446,0.00648839037073732,0,0,0,0,0,0,package://FR3-dual-arm_description_0820/meshes/RLink4.STL,1,1,1,1,0,0,0,0,0,0,package://FR3-dual-arm_description_0820/meshes/RLink4.STL,,Franka_Research_3_v2-2/Franka_Research_3_v2_Link_Elbow_02-2,Right_FR3_Link4,Right_Link3-4,RLink4Joint,revolute,0.0825029759386397,-0.000499999999998002,0.122951621230075,0,0,0,RLink3,0,1,0,0,0,-2,2,,,,,,,,
Rlink5,0.144377259711346,0.0442888124225082,-1.06115122966433E-06,0,0,0,1.83354773355147,0.00424877744807825,-0.00515154575566703,1.50763215680123E-07,0.0204127570105424,-2.95972695154808E-08,0.0226383640988616,0,0,0,0,0,0,package://FR3-dual-arm_description_0820/meshes/Rlink5.STL,1,1,1,1,0,0,0,0,0,0,package://FR3-dual-arm_description_0820/meshes/Rlink5.STL,,Franka_Research_3_v2-2/Franka_Research_3_v2_Link_LowerArm-1,Right_FR3_Link5,Right_Link4-5,RLink5Joint,revolute,0.123951621230082,0.000500000000000417,0.0825029759386525,0,0,0,RLink4,-1,0,0,0,0,-2,2,,,,,,,,
Rlink6,0.0530701813998527,-0.0233041979072692,0.00783478834590823,0,0,0,1.25259358988582,0.00185484813593844,-0.000347756953279701,-0.000202843773203066,0.00387305661162103,-5.05843512010634E-05,0.00322316229022356,0,0,0,0,0,0,package://FR3-dual-arm_description_0820/meshes/Rlink6.STL,0.250980392156863,0.250980392156863,0.250980392156863,1,0,0,0,0,0,0,package://FR3-dual-arm_description_0820/meshes/Rlink6.STL,,Franka_Research_3_v2-2/Franka_Research_3_v2_Link_Wrist-1,Right_FR3_Link6,Right_Link5-6,RLink6Joint,revolute,0.260000000000013,0.0164010000000093,0,0,0,0,Rlink5,0,1,0,0,0,-2,2,,,,,,,,
RLink7,0.00933712972417311,-0.00919885170104512,-0.0265606591820335,0,0,0,0.389527463644162,0.000242951522384317,-8.75526909394078E-06,3.35169843490992E-06,0.000243994429399817,-2.05506337841911E-06,0.00034478510117855,0,0,0,0,0,0,package://FR3-dual-arm_description_0820/meshes/RLink7.STL,0.666666666666667,0.698039215686274,0.768627450980392,1,0,0,0,0,0,0,package://FR3-dual-arm_description_0820/meshes/RLink7.STL,,Franka_Research_3_v2-2/Franka_Research_3_v2_Link_Flange-1,Right_FR3_Link7,Right_Link6-7,RLink7Joint,revolute,0.0880121744510449,-0.0164293917695358,-0.050450000032307,0,0,0,Rlink6,0,0,1,0,0,-2,2,,,,,,,,
Rhand,8.96500605939154E-05,-0.00010340735265485,-0.029157091155531,0,0,0,0.387415750528434,0.000745780526544873,0.000566128816951011,6.89670586232158E-07,0.000746052557490328,-5.10443910107961E-07,0.00122386216140265,0,0,0,0,0,0,package://FR3-dual-arm_description_0820/meshes/Rhand.STL,0.792156862745098,0.819607843137255,0.933333333333333,1,0,0,0,0,0,0,package://FR3-dual-arm_description_0820/meshes/Rhand.STL,,Franka_Hand_Reasearch_FR3_movable-2/Franka_Hand_FR3-1,Right_FR3_Hand,Right_Link6-7,RhandJoint,fixed,-1.2128248594423E-05,-0.0549705620195039,-0.0541500552176235,0,0,0,RLink7,0,0,0,,,,,,,,,,,,
Rfig1,-0.000290652266050517,0.00029065160426818,-0.0227907003760985,0,0,0,0.0111449902962575,3.4028117174469E-06,5.450378576694E-08,-4.72401087467719E-07,3.40281183542684E-06,4.72400950373882E-07,8.26007595149282E-07,0,0,0,0,0,0,package://FR3-dual-arm_description_0820/meshes/Rfig1.STL,0.752941176470588,0.752941176470588,0.752941176470588,1,0,0,0,0,0,0,package://FR3-dual-arm_description_0820/meshes/Rfig1.STL,,Franka_Hand_Reasearch_FR3_movable-2/Franka_Finger_FR3-3,Right_FR3_Finger1,Right_Hand,RFig1Joint,prismatic,0.0109601550966892,-0.0109601551016551,-0.0609000000008937,0,0,0,Rhand,0.707106781186545,-0.70710678118655,0,0,0,0,0.05,,,,,,,,
Rfig2,0.00029065226233399,-0.000290651604268305,-0.022790700376146,0,0,0,0.0111449902962575,3.40281171760097E-06,5.45037856899093E-08,4.72401087047511E-07,3.40281183542683E-06,-4.72400950382788E-07,8.2600759499522E-07,0,0,0,0,0,0,package://FR3-dual-arm_description_0820/meshes/Rfig2.STL,0.752941176470588,0.752941176470588,0.752941176470588,1,0,0,0,0,0,0,package://FR3-dual-arm_description_0820/meshes/Rfig2.STL,,Franka_Hand_Reasearch_FR3_movable-2/Franka_Finger_FR3-4,Right_FR3_Finger2,Right_Hand,Rfig2Joint,prismatic,-0.010960671605327,0.0109596386298945,-0.0608999999991063,0,0,0,Rhand,0.707106781186545,-0.70710678118655,0,0,0,0,0.05,,,,,,,,
Plate,0.00881971770273393,7.15268611223008E-05,0.0106850996822792,0,0,0,11.3852045209695,0.916046983474667,1.87919726736E-05,2.03942280187972E-17,0.332754908371387,8.85830179960589E-19,1.24786087821132,0,0,0,0,0,0,package://FR3-dual-arm_description_0820/meshes/Plate.STL,0.792156862745098,0.819607843137255,0.933333333333333,1,0,0,0,0,0,0,package://FR3-dual-arm_description_0820/meshes/Plate.STL,,optical_plate_400-600-13-1;taiqian subtitute-2;taiqian subtitute-1,Plate,Axis_PlateJoint,PlateJoint,fixed,0.171895596417613,-0.101566053735807,0,0,0,0,base_link,0,0,0,,,,,,,,,,,,
Trunking,-0.268527581734511,-0.451486458587471,0.0188180687750304,0,0,0,1.02283509512306,0.0268769451814877,-8.8300845706957E-06,-4.78329260678675E-06,0.00717996911344141,-5.85559928110165E-05,0.0332373298671258,0,0,0,0,0,0,package://FR3-dual-arm_description_0820/meshes/Trunking.STL,1,1,1,1,0,0,0,0,0,0,package://FR3-dual-arm_description_0820/meshes/Trunking.STL,,cable_trunking_60-60-3-1;cable_trunking_60-60-4-1;cable_trunking_60-60-1-1;cable_trunking_60-60-5-1;cable_trunking_60-30-4;cable_trunking_60-30 - 1-1;cable_trunking_60-30 - 2-1;cable_trunking_60-30 - 5-1;cable_trunking_60-30 - 4-1;cable_trunking_60-30 - 3-1;cable_trunking_60-60-6-1;cable_trunking_60-60-2-1,Trunking,Axis_TrunkingJoint,TrunkingJoint,fixed,0.262104403582387,0.474566053735807,0.02,0,0,0,Plate,0,0,0,,,,,,,,,,,,
